City,Population,Longitude,Latitude
København,667099,12.5700724,55.6867243
Frederiksberg,110023,12.5326186,55.678016
Ballerup,43984,12.3612313,55.7303589
Brøndby,40207,12.4217135,55.644111
Søvang,1772,12.6144904,55.5683804
Dragør,12304,12.6719953,55.592487
Gentofte,75076,12.541436,55.7535946
Gladsaxe,70834,12.4696107,55.7383794
Glostrup,24764,12.4128789,55.6837485
Herlev,30725,12.4294486,55.7337528
Albertslund,27984,12.3562849,55.6586018
Hvidovre,53708,12.4750154,55.6644909
Hedehusene,16731,12.1968926,55.6480127
Reerslev,717,12.1887946,55.6229682
Taastrup,38178,12.292049,55.6522136
Sengeløse,1494,12.2539974,55.6810192
Vridsløsemagle,289,12.2923091,55.6859136
Lyngby-Taarbæk,58382,12.5202151,55.7854145
Rødovre,44617,12.4591846,55.6648012
Ishøj,22110,12.3578947,55.613379
Torslunde,308,12.2540152,55.6260516
Ishøj Landsby,1328,12.3031694,55.6255367
Tårnby,43609,12.6006252,55.6246457
Vallensbæk,17724,12.3704254,55.6329555
Vallensbæk Landsby,446,12.363621,55.6355424
Furesø,3870,12.4089396,55.801089
Kirke Værløse,983,12.3225172,55.7848926
Farum,20369,12.3702505,55.8101232
Værløse,13200,12.383333,55.783333
Laanshøj,957,12.3224486,55.7755348
Blovstrød,3043,12.3869272,55.8678298
Lynge,4139,12.2747763,55.839462
Lillerød,16756,12.3556762,55.8707776
Nymølle,356,12.296792,55.8240935
Humlebæk,9742,12.5305462,55.9618789
Nivå,8769,12.5013529,55.935056
Sørup,550,11.5822399,54.7075389
Karlebo,253,12.4048049,55.9177848
Fredensborg,8968,12.3950911,55.9821565
Kvistgård,1214,12.4976071,55.9899825
Hornbæk-Dronningmølle,3659,12.45000,56.09167
Hellebæk,5775,12.5488104,56.0739418
Tikøb,698,12.4518018,56.0208025
Gurre,410,12.5199932,56.0212509
Helsingør,48033,12.6130073,56.0348739
Langesø,356,12.4449686,56.0376016
Saunte,1371,12.4865893,56.0761599
Skævinge,3014,12.1552989,55.9087945
Store Lyngby,818,12.1205656,55.9355863
Meløse,635,12.1665758,55.934336
Gørløse,1234,12.197972,55.8852394
Nørre Herlev,425,12.2740223,55.8889703
Uvelse,1062,12.2365795,55.8676066
Alsønderup,592,12.2295333,55.9701108
Gadevang,1128,12.2831994,55.9648187
Hillerød,36594,12.3063909,55.9285735
Nødebo,2042,12.34605,55.9795052
Ny Hammersholt,1264,12.332857,55.9069173
Tulstrup,1185,12.2304918,55.9574497
Hørsholm,38021,12.5000112,55.8832986
Rudersdal,20092,12.4656899,55.8190974
Høsterkøb,310,12.4822277,55.8553781
Birkerød,20941,12.4287796,55.8403369
Skodsborg,1228,12.5728477,55.8214676
Ravnsnæs,575,12.4573927,55.8614119
Tangbjerg,597,12.1166511,55.7698453
Ganløse,2879,12.2657262,55.7917722
Smørumnedre,21768,12.2998472,55.7366023
Søsum,321,12.2306294,55.7709699
Ledøje,781,12.300579,55.7104409
Slagslunde,921,12.2236101,55.8003876
Smørumovre,227,12.274477,55.7358756
Veksø,1799,12.2405908,55.749917
Ølstykke-Stenløse,23382,12.1639774,55.8155521
Buresø,466,12.2317099,55.8144429
Skibby,3135,11.9619362,55.7500014
Skuldelev,840,12.0174932,55.7823802
Kyndby,258,11.919063,55.7949477
Venslev,229,11.9052239,55.7770626
Slangerup,6933,12.1743536,55.8455905
Græse Bakkeby,2312,12.0744099,55.8604963
Jægerspris,4156,11.9916517,55.8505813
Sønderby,268,12.0320203,55.7359288
Gerlev,1057,12.0193836,55.8202582
Landerslev,255,11.9877649,55.825039
Lyngerup,228,11.9844324,55.8063122
Frederikssund,17583,12.063595,55.8417752
Jørlunde,288,12.1691608,55.8310774
Kyndby Huse,291,11.8856186,55.8077635
Store Rørbæk,573,12.1171651,55.7996471
Græse,207,12.097816,55.8613681
Dalby Huse,295,11.940921,55.8139003
Kulhuse,872,11.9173135,55.9241376
Over Dråby Strand,451,11.9608364,55.8349815
Vellerup Sommerby,378,11.8647217,55.7470358
Greve Strand,45883,12.2999286,55.5833746
Greve,742,12.2999286,55.5833746
Tune,5609,12.1818152,55.5957
Kildebrønde,384,12.271589,55.6091175
Vemmedrup,1633,12.0632599,55.4630826
Borup,5049,11.9832516,55.4954852
Ejby,7280,9.930492,55.4278872
Lellinge,764,12.1108164,55.4650596
Algestrup,951,12.079691,55.3777028
Slimminge,487,11.9540824,55.4477304
Bjæverskov,3236,12.0283637,55.4592469
Nørre Dalby,543,12.0044796,55.481059
Køge,38506,12.1818964,55.4565009
Vedskølle,249,12.1772771,55.4062188
Lille Skensved,1607,12.138218,55.5101491
Ølsemagle,658,12.1618502,55.4999621
Frederiksværk,12837,12.0174311,55.9719082
Liseleje,2420,11.9648192,56.0122429
Vinderød,1046,12.0273792,55.9890045
Ølsted,1944,12.0696838,55.9231821
Hundested,8590,11.8515494,55.9668501
Torup,401,11.9416881,55.9831506
Brederød,223,12.0482844,55.9591257
Melby,783,11.9675338,55.996161
Evetofte,366,11.9777365,55.9824513
Ølsted Strandhuse,204,12.0495606,55.9245276
Præstelodden,208,11.9895206,55.9926952
Ølsted Sydstrand,328,12.057461,55.8934444
Gundsømagle,2775,12.1536416,55.7368709
Ågerup,1737,12.154988,55.6949183
Store Valby,394,12.1390149,55.6970534
Veddelev,1131,12.0796882,55.6785838
Svogerslev,4273,12.0151162,55.6361783
Roskilde,53354,12.0819247,55.6433478
Jyllinge,10801,12.1086079,55.7535209
Herringløse,390,12.2131598,55.7133626
Gadstrup,2022,12.0938444,55.5720043
Vindinge,3645,10.7315073,55.3092594
Vor Frue,726,12.0962477,55.6111657
Snoldelev,616,12.126986,55.5698012
Viby,5113,12.0248273,55.5509387
Gundsølille,253,12.1606459,55.7081926
Solrød,507,12.1691726,55.5369223
Solrød Strand,17951,12.2193108,55.534253
Havdrup,4529,12.1204226,55.5440887
Jersie,531,12.2089516,55.5214056
Kagerup,392,12.2627126,55.997769
Annisse Nord,1576,12.1908348,55.9975791
Ramløse,1529,12.1152303,56.0147618
Helsinge,9719,12.1951087,56.0211073
Tisvilde,1369,12.0986388,56.0567817
Vejby,1042,12.140853,56.0655361
Annisse,315,12.1725404,55.981518
Blistrup,1156,12.2109823,56.0869434
Esbønderup,1413,12.3454415,56.0493059
Græsted,3662,12.2843814,56.0631535
Smidstrup,1156,12.240685,56.1147548
Gilleleje,6596,12.3124485,56.1244169
Esrum,486,12.3785233,56.0503218
Holløse,314,12.1172836,56.0595256
Ørby,300,12.1459854,56.0509502
Mårum,222,12.2804832,56.0264435
Søborg,237,12.5088728,55.736468
Rågeleje,702,12.1657186,56.09921
Holløselund,340,12.1102051,56.073827
Vejby Strand,341,12.1351129,56.0810966
Udsholt Strand,952,12.2033963,56.1061756
Strand Esbønderup,268,12.2638054,56.1170047
Højby,1394,11.5970027,55.9103711
Rørvig,993,11.7613881,55.9452985
Strandhuse,230,11.6684782,55.8796141
Vig,1751,11.5845861,55.8519079
Grevinge,596,11.5518504,55.7995774
Havnebyen,594,11.3656257,55.9699674
Herrestrup,232,11.5970081,55.8043221
Fårevejle Stationsby,1836,11.4679257,55.7860542
Hørve,2378,11.4510369,55.7529724
Fårevejle Kirkeby,720,11.4429417,55.803257
Nykøbing S,5016,11.6689532,55.9233493
Asnæs,3073,11.5006395,55.8148175
Nørre Asmindrup,637,11.6082052,55.882272
Moseby,431,12.1017644,54.8398532
Kelstrup,212,11.5680938,55.8338411
Øster Lyng,274,11.6967101,55.9312136
Klint,263,11.5894739,55.9545956
Hønsinge Lyng,267,11.5389438,55.8632142
Yderby Lyng,206,11.2998919,55.9860472
Ellinge Lyng,331,11.5426239,55.8764334
Grevinge Lammefjord,245,11.5588081,55.7854965
Bybjerg,276,11.8028891,55.7674604
Regstrup,1643,11.6185139,55.6736163
Hagested,449,11.6137179,55.7476143
Kirke Eskilstrup,661,11.7679357,55.5737227
Sønder Jernløse,265,11.6431058,55.6517513
Kvanløse,244,11.6692913,55.651611
Undløse,1128,11.5885132,55.6038063
Udby,512,12.312887,55.0040202
Gislinge,1582,11.545304,55.7334705
Kundby,706,11.5246904,55.7100353
Ugerløse,909,11.6548735,55.5853278
Jyderup,4300,11.4081794,55.6605319
Svinninge,2894,11.4613759,55.7200463
Knabstrup,1103,11.551759,55.6651276
Mørkøv,1862,11.5021188,55.6514011
Stigs Bjergby,314,11.479722,55.672288
Holbæk,31123,11.7135474,55.7186117
Mårsø,305,11.6399211,55.7315431
Tuse,1380,11.6243263,55.712021
Arnakke,388,11.7698121,55.6704636
Store Merløse,1193,11.7145157,55.5444765
Søstrup,347,11.6494638,55.6834375
Ny Hagested,214,11.5926257,55.7261465
Gammel Tølløse,257,11.7438673,55.613063
Tølløse,4007,11.7704158,55.6108727
Vipperød,2673,11.7390943,55.6679143
Markeslev,383,11.7047204,55.7389745
Nørre Jernløse,344,11.6264135,55.6637635
Gamløse,221,11.8228018,55.763525
Karise,2443,12.1983778,55.308366
Faxe Ladeplads,2501,12.1690321,55.22086
Haslev,12634,11.9567297,55.3271115
Terslev,939,11.9698121,55.3755737
Teestrup,226,11.883345,55.3285266
Dalby,3055,12.063853,55.3112964
Faxe,4139,12.1142399,55.2521203
Førslev,346,11.9036114,55.3544952
Rønnede,2945,12.0284843,55.2563089
Skuderløse,207,11.8758548,55.3000032
Store Spjellerup,214,12.2256466,55.2724
Løve,296,11.2953261,55.4853203
Reersø,504,11.1103965,55.5240151
Kirke Helsinge,515,11.2062149,55.5149483
Spangsbro,749,11.1483228,55.6906672
Kalundborg,16659,11.0993619,55.6833793
Svallerup,251,11.1773229,55.6075842
Årby,414,11.1428453,55.6461726
Bjerge,219,11.1907983,55.588611
Gørlev,2396,11.2272253,55.5404225
Svebølle,2288,11.2867244,55.650812
Havnsø,917,11.3232496,55.7518479
Eskebjerg,243,11.3051658,55.7131534
Føllenslev,336,11.3508868,55.7257505
Snertinge,885,11.3826352,55.7135915
Høng,4304,11.2927612,55.5084661
Rørby,719,11.1638155,55.6460117
Ubby,1865,11.2157333,55.6163509
Kaldred,407,11.2651447,55.6977899
Jystrup,875,11.8664484,55.5154427
Gyrstinge,343,11.6855931,55.4886126
Fjællebro,224,11.9003807,55.4486801
Kværkeby,585,11.8746167,55.4613889
Nordrup,325,11.8861449,55.4079805
Ortved,244,11.8652529,55.4950009
Vigersted,555,11.889326,55.4841276
Vetterslev,650,11.7661951,55.3875244
Høm,468,11.7829493,55.4114361
Ringsted,24094,11.7975218,55.446817
Sneslev,415,11.8449545,55.386553
Farendløse,345,11.8885803,55.3910193
Forlev,2551,11.261137,55.3711069
Korsør,14323,11.1425876,55.3266045
Boeslunde,759,11.2649511,55.3026906
Kirke Stillinge,738,11.2439704,55.435673
Havrebjerg,386,11.316154,55.4481611
Sørbymagle,1111,11.4417457,55.362082
Flakkebjerg,442,11.3970026,55.312407
Dalmose,963,11.416817,55.2954669
Bisserup,499,11.4967311,55.2027418
Rude,288,11.4682887,55.2330518
Skælskør,6304,11.2942011,55.2521101
Slagelse,35817,11.3525415,55.4061196
Slots Bjergby,1019,11.3329339,55.3699905
Frølunde Fed,301,11.210742,55.3834258
Næsby Strand,218,11.0623247,54.7504749
Kongsmark Strand,232,11.1996174,55.4233088
Stillinge Strand,367,11.2097347,55.4419115
Rødvig,1844,12.3792675,55.2553773
Hårlev,2905,12.2300148,55.3489261
Hellested,569,12.2592509,55.3295533
Strøby,685,12.282865,55.3833436
Klippinge,490,12.32683,55.3486722
Magleby,313,12.4833328,54.9847627
Strøby Egede,5108,12.2417783,55.4166609
Valløby,748,12.2321792,55.4002608
Holtug,243,12.4062467,55.3410225
Store Heddinge,3633,12.3876252,55.3081175
Havnelev-Boestofte,221,12.3322447,55.2701594
Lyderslev,316,12.2901313,55.2729545
Dianalund,4111,11.4943548,55.5289218
Broby Overdrev,223,11.6079206,55.4027634
Fjenneslev,791,11.6699861,55.4395395
Tersløse,227,11.4886583,55.5110996
Ruds Vedby,1670,11.3793898,55.5410589
Nyrup,658,11.6070832,55.9322237
Stenlille,2087,11.5921211,55.5399115
Vedde,241,11.5438199,55.5315148
Munke Bjergby,325,11.5225805,55.5052672
Sorø,8433,11.5629363,55.4365822
Niløse,225,11.4974017,55.5581821
Gershøj,704,11.9671808,55.7118451
Gevninge,1636,11.959357,55.6450991
Lejre,3347,11.9737103,55.6043432
Øm,445,12.012415,55.5977074
Kirke Såby,1649,11.8718541,55.6331744
Torkilstrup,247,11.9336031,54.8718984
Kirke Hyllinge,2436,11.8985429,55.7067551
Kirke Hvalsø,4877,11.8598137,55.5935695
Lyndby,586,11.9345114,55.6697971
Englerup,285,11.8177826,55.6573673
Vester Såby,446,11.8372643,55.630128
Osted,2316,11.9605004,55.5617531
Kirke Sonnerup,945,11.8212105,55.649684
Lindenborg,267,10.0342545,56.9076466
Kyndeløse Sydmark,538,11.8552942,55.7038723
Dannemare,377,11.1879332,54.7604347
Rødbyhavn,1476,11.3619659,54.6649383
Rødby,1982,11.3902205,54.6940639
Errindlev,297,11.4954839,54.6670551
Langø,264,11.0196153,54.8134596
Horslunde,582,11.2188932,54.9112213
Sandby,336,11.0865303,54.8758151
Branderslev,207,11.1206302,54.8627813
Holeby,1343,11.4663897,54.7105473
Hillested,237,11.4474774,54.7532538
Nakskov,12200,11.1493517,54.8304979
Stokkemarke,401,11.3647404,54.8368883
Søllested,1356,11.2709858,54.8124093
Nørreballe,476,11.4301263,54.8062652
Bandholm,440,11.4830145,54.8364445
Hunseby,395,11.5217771,54.79657
Maribo,5786,11.5054333,54.7758018
Everdrup,256,11.9581354,55.2018593
Glumsø,2249,11.6880884,55.3544773
Fensmark,5190,11.8057859,55.2767747
Holme-Olstrup,1278,11.8511796,55.2589441
Næstved,45199,11.7674102,55.2328252
Rønnebæk,592,11.8123343,55.2172911
Mogenstrup,2106,11.8566727,55.1799214
Sandved,671,11.5208995,55.2626288
Tornemark,296,11.5250215,55.2422461
Hyllinge,439,11.5996011,55.2571963
Menstrup,217,11.5822077,55.2132277
Skraverup,231,11.6853548,55.2101438
Karrebæksminde,1811,11.6468481,55.1780155
Lov,577,11.8559103,55.1639816
Toksværd,844,11.8822366,55.2522261
Fuglebjerg,2275,11.5448821,55.3029071
Skelby,274,11.6792841,55.3146748
Tappernøje,1704,11.9793075,55.1648293
Herlufmagle,1457,11.752538,55.3135052
Tybjerglille Bakker,322,11.8046453,55.3320543
Vallensved,259,11.654858,55.2648651
Enø By,363,11.6699645,55.1716789
Grænge,368,11.7641752,54.7706771
Toreby,614,11.7878775,54.7534771
Hasselø Plantage,212,11.8779656,54.7406108
Nagelsti,537,11.8457643,54.7468797
Nykøbing F,16682,11.8709918,54.7646137
Sundby,3246,11.7927401,54.8642307
Systofte Skovby,343,11.9057814,54.7855777
Kettinge,516,11.7292711,54.6954788
Eskilstrup,1093,11.8840358,54.8568436
Tingsted,228,11.9043963,54.8138013
Ønslev,395,11.8547775,54.8500249
Vålse,207,11.7778331,54.9300235
Orehoved,426,11.8551947,54.9518091
Øster Kippinge,269,11.7986664,54.8976755
Nørre Alslev,2363,11.8762497,54.8970181
Nysted,1229,11.7330766,54.6627868
Gedser,632,11.9313561,54.5770446
Væggerløse,1302,11.9252193,54.7106985
Idestrup,1135,11.9583204,54.7427332
Sønder Vedby Skovhuse,295,11.9117016,54.7628854
Øster Ulslev,241,11.6275418,54.696604
Sakskøbing,4514,11.6341381,54.798788
Horbelev,536,12.057096,54.8231469
Horreby,273,11.9926675,54.8004755
Guldborg,495,11.7447134,54.8717325
Stubbekøbing,2214,12.0381564,54.888364
Nordbyen,1984,11.8832489,54.8007503
Nykøbing Strandhuse,290,11.9497043,54.6600397
Marielyst,633,11.9669009,54.6902043
Køng,920,11.8101985,55.1178666
Lundby,819,10.6083754,54.9916427
Bårse,518,11.9517513,55.1258727
Stensved,1522,12.0272237,54.9963766
Klarskov,207,11.8708509,55.0670095
Vordingborg,12093,11.9097478,55.0102518
Borre,235,12.4487267,54.9955229
Kalvehave,577,12.1631205,54.9977367
Stege,3765,12.2861344,54.9863794
Bogø By,927,12.0528486,54.9232677
Store Damme,543,12.1595126,54.9151383
Præstø,3939,12.0538374,55.1178943
Skibinge,338,12.0324218,55.106278
Gammel Kalvehave,705,12.1364379,54.9982167
Allerslev,262,12.0350289,55.0821443
Nyråd,2524,11.9658759,55.003743
Ørslev,1979,11.9638538,55.0414258
Langebæk,257,12.0908672,54.9974289
Mern,969,12.0556557,55.0484274
Middelfart,16749,9.7392181,55.4993014
Brenderup,1486,9.9727431,55.4897878
Fjelsted,306,10.0147207,55.4409948
Harndrup,605,10.0200671,55.4649229
Gelsted,1702,9.9733782,55.3975498
Båring,970,9.9091618,55.485948
Nørre Aaby,3196,9.878534,55.457787
Strib,5280,9.7763619,55.5369188
Kauslunde,494,9.8099636,55.4807774
Røjle,234,9.809634,55.5190784
Verninge,757,10.206845,55.2910347
Grønnemose,400,10.0520849,55.4171128
Turup,302,9.9915194,55.3004435
Glamsbjerg,3322,10.1087429,55.2783263
Assens,7374,9.9002174,55.265798
Skallebølle,707,10.1902325,55.3881319
Tommerup Stationsby,2469,10.1790368,55.3460894
Tommerup,1567,10.205183,55.3205379
Jordløse,318,10.1560718,55.2001097
Brylle,1306,10.2474251,55.3243706
Ebberup,1233,9.9736869,55.2421087
Flemløse,581,10.0701474,55.2413407
Snave,212,10.0348009,55.2118345
Haarby,2533,10.1258184,55.2203305
Aarup,3237,10.0510648,55.3763248
Skalbjerg,575,10.1451182,55.3671831
Vissenbjerg,3251,10.1315832,55.3863025
Espe,492,10.4116598,55.2025581
Gislev,1238,10.5977136,55.2172001
Millinge,498,10.2157771,55.1304185
Diernæs,296,10.2905107,55.1062273
Faaborg,6763,10.2428246,55.097087
Bøjden,275,10.1052145,55.1037624
Faldsled,485,10.1507749,55.1486665
Horne,837,10.1672537,55.108495
Håstrup,331,10.196156,55.1729153
Vester Hæsinge,403,10.2479643,55.1956396
Korinth,902,10.325925,55.1430714
Ringe,6822,10.481895,55.2351317
Ryslinge,1989,10.5350416,55.2354677
Nørre Broby,1456,10.2322458,55.2547103
Brobyværk,1071,10.2541863,55.2301366
Heden,218,10.3674477,55.2487651
Søllinge,236,10.5358314,55.2868937
Nørre Lyndelse,2337,10.3944129,55.3006566
Årslev,4447,10.4711821,55.305281
Nørre Søby,893,10.3801895,55.2858121
Vester Åby,793,10.3775757,55.0852092
Kværndrup,1680,10.5256048,55.1783707
Ferritslev,1043,10.5868271,55.3091337
Rolsted,482,10.568199,55.3207001
Tarup,267,10.3444208,55.4111882
Herringe,214,10.4555831,55.2011979
Krarup,203,10.4197779,55.1641062
Åstrup,208,12.0848966,54.8488708
Munkebo,5423,10.5536985,55.4568372
Rynkeby,589,10.6099749,55.3979601
Rønninge,249,10.6044742,55.343739
Mesinge,327,10.6487936,55.5013652
Kerteminde,6128,10.6547783,55.4532771
Revninge,218,10.6522789,55.4196917
Birkende,680,10.5642,55.3798184
Langeskov,4456,10.5831493,55.3582245
Kertinge,267,10.583688,55.4296916
Marslev,695,10.5213062,55.3902304
Skrækkenborg,274,10.6525993,55.4408503
Måre,521,10.6126004,55.275109
Refsvindinge,566,10.6845474,55.2830994
Ørbæk,1752,10.6704068,55.2581432
Hjulby,387,10.7373079,55.3379461
Nyborg,17990,10.7976604,55.3098281
Frørup,377,10.7145452,55.2418334
Svindinge,284,10.6886304,55.2176328
Tårup,283,10.7720894,55.2342511
Ellinge,224,10.6222927,55.3155666
Skellerup,351,10.6586499,55.3366807
Ullerslev,2714,10.6630468,55.3615271
Aunslev,387,10.7268814,55.3546226
Seden Strand,327,10.4487675,55.4394262
Næsbyhoved-Broby,1548,10.3096495,55.4390131
Lumby,818,10.376438,55.4577147
Allese,261,10.3153559,55.4532109
Ejlstrup,1266,10.2659523,55.4064272
Blommenslyst,544,10.2622491,55.3907288
Brændekilde,304,10.2690746,55.348409
Holmstrup,222,10.2766392,55.3619976
Bellinge,5877,10.3125787,55.3380846
Sankt Klemens,3183,10.3493283,55.3400673
Fangel,447,10.3162749,55.3140909
Odense,185480,10.3852104,55.3997225
Åsum,503,10.463729,55.40026
Fraugde,2009,10.4874816,55.3551667
Over Holluf,1488,10.470196,55.3627623
Davinde,244,10.5449191,55.3396455
Hundstrup,239,10.430714,55.1020374
Stenstrup,1761,10.5055475,55.1312253
Kirkeby,565,10.5306101,55.1130348
Gudbjerg,472,10.6658276,55.1545835
Gudme,906,10.7062309,55.149424
Hesselager,828,10.7395982,55.1722159
Lundeborg,431,10.7825356,55.1397523
Oure,497,10.72482,55.1207773
Vejstrup,407,10.7114124,55.1062044
Rantzausminde,2220,10.540244,55.0363177
Ollerup,1586,10.4976189,55.069003
Vester Skerninge,1105,10.4513508,55.0729467
Ulbølle,582,10.4216373,55.0739971
Svendborg,27616,10.6084725,55.0636625
Thurø By,3390,10.6657959,55.046453
Troense,1433,10.6408859,55.0343175
Vindeby,2327,10.6127033,55.043415
Åbyskov,279,10.7336174,55.0692846
Skårup,1917,10.6917733,55.0936021
Bjerreby,337,10.6088153,54.9698563
Landet,287,10.596063,54.9988728
Veflinge,859,10.1595318,55.4707843
Søndersø,3327,11.506368,54.7565649
Morud,1976,10.1890722,55.4477763
Særslev,818,10.1726317,55.5141511
Kappendrup,261,10.3464145,55.5361772
Skamby,447,10.2745249,55.519663
Bogense,4019,10.092085,55.5640146
Hårslev,354,10.0951913,55.4985631
Østrup,258,9.4711262,56.7485796
Uggerslev,351,10.3087689,55.5316956
Otterup,5263,10.4004689,55.5154338
Bredbjerg,211,10.2374227,55.4354218
Snøde,269,10.9085585,55.0844261
Lohals,433,10.9052825,55.1348685
Rudkøbing,4485,10.7167568,54.9377498
Tullebølle,aa,10.7968968,54.9577328
Bagenkop,429,10.6751651,54.7495173
Humble,581,10.6996214,54.8284338
Lindelse,295,10.7290184,54.8623791
Vindeballe,217,10.3511321,54.8756522
Ommel,255,10.4867655,54.8725199
Nustrup,544,9.1783513,55.2721769
Mølby,251,9.2643625,55.3198057
Hejsager,264,9.6152653,55.2159651
Starup,2575,9.5413685,55.240084
Øsby,454,9.6436847,55.2523944
Fjelstrup,572,9.5693605,55.321379
Hoptrup,612,9.4564753,55.1800826
Årøsund,304,9.7068676,55.2580919
Over Jerstal,1097,9.3041469,55.1976588
Bevtoft,728,9.2068818,55.1986658
Haderslev,22405,9.4997871,55.2500715
Vedsted,347,9.3598691,55.19555
Sønder Vilstrup,417,9.5178712,55.191519
Gram,2448,9.0463292,55.2869915
Arnum,486,8.9679277,55.2480294
Fole,225,8.9821425,55.3156211
Sommersted,1032,9.2996743,55.3191435
Jegerup,403,9.2916778,55.2803066
Vojens,7424,9.3082416,55.2464268
Hammelev,1060,9.3837264,55.2447907
Marstrup,778,9.4423251,55.2086139
Styding,209,9.358046,55.2536039
Billund,7484,9.1195835,55.7247018
Vorbasse,1284,9.0814844,55.6299331
Filskov,697,9.029324,55.8122787
Grindsted,10414,8.9277576,55.7570833
Stenderup,647,9.8079613,55.7914096
Hejnsvig,1009,8.9953244,55.693594
Sønder Omme,1694,8.8937974,55.8390485
Nordborg,5680,9.7470524,55.0553387
Stevning,410,9.8249202,55.0032177
Asserballe,252,9.9547129,54.9657293
Fynshav,789,9.9813057,54.9878426
Lysabild,519,10.0073692,54.9016897
Skovby,298,9.9948004,54.8844761
Broager,3227,9.6675155,54.8892125
Tandslet,607,9.9848576,54.9239462
Adsbøl,309,9.6215573,54.9400824
Holm,380,9.7020665,55.0519238
Avnbøl,383,9.6465293,54.9586037
Blans,489,9.6603996,54.9897447
Augustenborg,3118,9.8743203,54.9506719
Guderup,2392,9.8681259,54.9912743
Hundslev,371,9.9182231,54.9824719
Kær,317,9.7955222,54.9376017
Dybbøl,2325,9.7211826,54.914791
Vester Sottrup,1452,9.6991391,54.9473337
Ullerup,395,9.6635378,54.9659523
Egernsund,1431,9.6032632,54.9065871
Gråsten,4298,9.5866302,54.9140178
Nybøl,1130,9.6821774,54.9211937
Kværs,378,9.4956816,54.930897
Tørsbøl,257,9.4911569,54.9141156
Rinkenæs,1269,9.5627554,54.8951761
Høruphav,2758,9.8959427,54.9104119
Kirke Hørup,258,9.9038148,54.9269384
Sønderborg,28333,9.7897999,54.9089186
Skelde,258,9.7245042,54.8596273
Toftlund,3225,9.0669072,55.1866229
Agerskov,1175,9.1288286,55.130201
Branderup,259,9.0686157,55.1220082
Arrild,314,8.9615909,55.1516082
Abild,503,8.8697433,54.9785557
Visby,345,8.7803291,55.0096346
Løgumkloster,3519,8.9568232,55.0595541
Tønder,7477,8.8629408,54.9380637
Jejsing,439,8.9625144,54.9385516
Skærbæk,5848,8.765738,55.157032
Bredebro,1436,8.8270664,55.0556028
Øster Højst,485,9.0391409,55.0017615
Husum-Ballum,293,8.6659156,55.0760629
Højer,1072,8.69514,54.9638824
Møgeltønder,757,8.8024693,54.9433547
Frifelt,241,8.8329031,55.2153852
Brøns,374,8.7278095,55.1944054
Rejsby,265,8.7237352,55.2325738
Gredstedbro,1071,8.7426321,55.3980215
Vilslev,447,8.7068262,55.3973927
Jernved,313,8.8017425,55.4224806
Bramming,7315,8.7027506,55.4655911
Gørding,1782,8.7999523,55.4734235
Tjæreborg,2956,8.5857229,55.4643476
Grimstrup,563,8.6529587,55.5286786
Ribe,8367,8.7647838,55.3284036
Øster Vedsted,823,8.7351424,55.3150064
Store Darum,929,8.6485897,55.4303222
Egebæk,1094,8.7294844,55.2792862
Vejrup,788,8.7794135,55.5216431
Esbjerg,71554,8.4520751,55.4664892
Andrup,1457,8.5358345,55.4989381
Guldager,978,8.4054744,55.5300879
Roager,319,8.8245213,55.2521539
Vester Vedsted,317,8.6810872,55.2902047
Bryndum,517,8.4795216,55.535907
Tarp,1670,8.4627549,55.5250104
Skads,421,8.5573724,55.5079056
Lustrup,293,8.7757253,55.309975
Hunderup,242,10.3910906,55.3842884
Kærbøl,320,8.7412173,55.359617
Guldager Stationsby,519,8.4389162,55.5319945
Janderup,788,8.3692268,55.624316
Varde,14263,8.4811757,55.6176702
Sig,755,8.5729194,55.6662401
Oksbøl,2898,8.278167,55.6235883
Billum,562,8.3319033,55.6160609
Øster Vrøgum,334,8.2887597,55.6531322
Nørre Nebel,1318,8.2900844,55.7775502
Ølgod,3713,8.6181307,55.8058276
Agerbæk,1280,8.7984877,55.6010876
Alslev,1319,8.4165176,55.5872707
Årre,628,8.6653697,55.5733106
Fåborg,301,10.2428246,55.097087
Lunde,405,8.3683069,55.7580344
Nordenskov,687,8.68429,55.6510244
Næsbjerg,781,8.5981858,55.6257093
Tistrup,1437,8.6065188,55.7186632
Skovlund,549,8.7058449,55.7372275
Ansager,1296,8.7526017,55.7049419
Tofterup,650,8.8153803,55.6500558
Outrup,994,8.3435414,55.7217329
Oksby,286,8.1418681,55.5540213
Rødding,4607,9.0581471,55.3680577
Brørup,4557,9.0155482,55.4846109
Lindknud,401,9.0166694,55.5662163
Holsted,3053,8.9151177,55.5059786
Glejbjerg,660,8.8262584,55.5581691
Sønder Hygum,424,8.9802319,55.3529723
Hovborg,397,8.9406207,55.6049888
Askov,1974,9.0982313,55.4694366
Vejen,10416,9.1317951,55.4743417
Store Andst,792,9.2329434,55.4831197
Skodborg,1221,9.1529678,55.4187528
Gesten,848,9.2028076,55.5255015
Bække,1034,9.1377573,55.5702937
Jels,1962,9.2055988,55.3553796
Øster Lindet,400,9.1466492,55.3077931
Varnæs,426,9.5694591,55.0143586
Hostrupskov,519,9.4536495,55.0147124
Hellevad,536,9.2098498,55.0759203
Ravsted,413,9.1347541,55.0035845
Genner,743,9.4349773,55.1181484
Rødekro,6189,9.3410181,55.0696081
Løjt Kirkeby,2395,9.4597059,55.0881376
Hjordkær,1612,9.3045215,55.0266429
Aabenraa,16500,9.4209667,55.0446228
Bylderup-Bov,1301,9.0910721,54.9441897
Tinglev,2799,9.2482003,54.9316288
Kollund,963,9.4517293,54.8415782
Kruså,1486,9.4075596,54.8479278
Padborg,4318,9.3606529,54.8295003
Hovslund Stationsby,279,9.3372034,55.1321251
Rens,242,9.0935699,54.8963793
Uge,238,9.3093789,54.9656484
Kliplev,1238,9.4011265,54.9377073
Felsted,1094,9.5037907,54.9792361
Holbøl,441,9.4415701,54.8931941
Bolderslev,1116,9.2835059,54.9897782
Bovrup,453,9.5839613,54.9963776
Stubbæk,1197,9.4276776,54.9976792
Kollund Østerskov,280,9.4726878,54.8478346
Søgård,303,9.4458812,54.9306158
Fårhus,232,9.3263251,54.8587821
Fredericia,41543,9.7562169,55.565268
Pjedsted,571,9.6564417,55.6029267
Taulov,3539,9.6091733,55.5388
Bredstrup,434,9.6660106,55.593478
Herslev,561,11.9834816,55.6695821
Bøgeskov,299,9.7561832,55.6191338
Egeskov,645,9.7454011,55.6133709
Trelde-Østerby,654,9.7837816,55.6221236
Grumstrup,232,9.9802011,55.9637981
Hovedgård,2355,9.9565056,55.9453819
Haldrup,322,9.9554586,55.8889231
Søvind,1075,9.9992108,55.8948731
Sønder Vissing,431,9.6414299,56.0211456
Tvingstrup,548,9.9267215,55.9125579
Sejet,391,9.9265657,55.8173759
Grædstrup,210,9.5426437,55.980207
Yding,226,9.7638009,56.0013478
Voervadsbro,201,9.698651,56.0136062
Nim,777,9.6875811,55.9283036
Egebjerg,3226,11.6778866,55.843746
Hatting,2074,9.7648287,55.8531914
Horsens,64418,9.8444774,55.8611696
Brædstrup,3967,9.610092,55.9722463
Gedved,2459,9.8469901,55.9282404
Lund,3274,9.7755521,55.8933481
Østbirk,2644,9.7523301,55.9674349
Kolding,63645,9.47905,55.4894999
Stepping,345,9.3583184,55.3556129
Vester Nebel,2010,8.5417459,55.5400538
Viuf,567,9.4906425,55.5857673
Hejls,400,9.5753221,55.3830704
Christiansfeld,3115,9.4905139,55.3589729
Taps,315,9.4795902,55.3960748
Sønder Bjert,2315,9.5571613,55.4591246
Sønder Stenderup,518,9.6144083,55.4614409
Almind,1790,9.4907578,55.5646234
Sjølund,508,9.5290625,55.4013985
Ødis,484,9.3813931,55.4087411
Eltang,209,9.5374632,55.5286062
Jordrup,518,9.3119454,55.5588855
Lunderskov,2985,9.3002816,55.4836316
Vamdrup,4940,9.2889565,55.4284473
Hjarup,391,9.3640556,55.4460586
Skanderup,416,9.3412328,55.4632244
Grejs,1536,9.5461321,55.7616991
Bredal,610,9.6420371,55.746119
Ny Højen,739,9.5005907,55.657203
Skærup,667,9.6003556,55.6393908
Brejning,3120,9.6697145,55.6637885
Børkop,6314,9.6492103,55.6409641
Vejle,62011,9.5329419,55.707931
Gårslev,1252,9.701727,55.6375559
Ågård,1341,9.430663,55.5944797
Vandel,758,9.213503,55.7086234
Andkær,364,9.6286003,55.6654294
Farre,340,9.8438762,56.2184019
Nørup,241,9.304447,55.719176
Gauerslund,258,9.662301,55.6513202
Give,5050,9.2401542,55.845552
Thyregod,1319,9.2580032,55.907716
Jerlev,863,9.4380927,55.6718128
Nørre Vilstrup,380,9.4640404,55.6901138
Egtved,2433,9.3092296,55.6157026
Givskud,614,9.3496951,55.81532
Kollemorten,372,9.3644702,55.8665932
Vonge,554,9.419654,55.8613336
Ødsted,1535,9.3990009,55.6563626
Ny Nørup,484,9.3087947,55.7039006
Skibet,2604,9.4550986,55.7110551
Gadbjerg,824,9.3208133,55.7709233
Jelling,4038,9.4210553,55.7529724
Randbøldal,310,9.2635362,55.6898092
Bredsten,1902,9.3848026,55.7025335
Høl,362,9.7411796,55.632852
Fasterholt,334,9.1123158,56.0083302
Aulum,3245,8.7869814,56.2649053
Ilskov,708,9.0892145,56.2374648
Simmelkær,264,9.0014635,56.267688
Skibbild,728,8.8420361,56.171558
Herning,51782,8.9746623,56.1379757
Gullestrup,1937,8.9650889,56.170038
Timring,691,8.7396079,56.1760379
Studsgård,440,8.9089312,56.091495
Sunds,4302,9.0148142,56.2043516
Feldborg,518,8.9368409,56.3362275
Haderup,630,10.1243262,56.6974776
Hodsager,409,8.8539077,56.3158702
Sørvad,1113,8.6538053,56.2623779
Kibæk,2651,8.8583992,56.0349566
Arnborg,638,8.9874414,56.0142095
Høgild,277,8.9893056,56.0636962
Ørnhøj,757,8.5635585,56.2001125
Sønder Felding,1392,8.7828398,55.9388658
Vildbjerg,4138,8.767696,56.1965014
Skarrild,312,8.8976598,55.9789789
Stakroge,225,8.8496958,55.8902388
Kølkær,531,9.0864658,56.0649686
Borbjerg,458,8.7534213,56.40422
Nørre Felding,731,8.6008796,56.3133372
Tvis,1378,8.7093648,56.3216062
Ulfborg,2004,8.3166504,56.2723603
Vemb,1238,8.3386659,56.3439338
Holstebro,37487,8.6159188,56.3590324
Sevel,512,8.8705587,56.4565803
Thorsminde,280,8.1232421,56.374526
Bur,206,8.4276831,56.3664624
Idom,400,8.4874851,56.3351509
Skave,508,8.8041379,56.3912827
Herrup,260,8.9192412,56.4078557
Handbjerg,210,8.721355,56.4727629
Hvam Mejeriby,238,8.7313203,56.4087556
Krunderup,422,8.5477737,56.3963235
Vinderup,3055,8.7828263,56.4778422
Ejsing,301,8.7844575,56.5220964
Ryde,212,11.3052696,54.7960231
Alstrup,219,8.5607042,56.3900738
Nørre Nissum,988,8.4178851,56.5485388
Lemvig,6741,8.3046456,56.5486971
Harboøre,1339,8.1806946,56.6174264
Klinkby,431,8.2192277,56.5671438
Thyborøn,1740,8.2117981,56.6981186
Lomborg,326,8.2651387,56.500435
Bøvlingbjerg,457,8.2029629,56.4352017
Bækmarksbro,524,8.3084214,56.4164741
Gudum,214,8.4677547,56.5169264
Ramme,366,8.2135663,56.4911246
Struer,9893,8.5951427,56.4866768
Hjerm,1084,8.6410046,56.4382927
Hvidbjerg,1076,8.5271072,56.6486331
Uglev,206,8.5417601,56.6125662
Humlum,784,8.5518902,56.5394331
Resenstad,288,8.537848,56.5166725
Bremdal,1658,8.5817346,56.5076493
Asp,359,8.5097365,56.4330146
Linde,368,10.118258,56.5324652
Vejrumstad,208,8.5828823,56.4349607
Mørke,1690,10.377531,56.3345618
Ebeltoft,7287,10.6770909,56.1988382
Tirstrup,414,10.6866116,56.3010146
Balle,480,10.8077359,56.3156204
Vrinners,400,10.4932308,56.2443396
Pindstrup,719,10.4139662,56.3917868
Ryomgård,2743,10.5020848,56.3842243
Kolind,1913,10.5847907,56.3581302
Nimtofte,582,10.567359,56.408874
Rønde,3328,10.4754416,56.3015637
Ugelbølle,1491,10.4158606,56.3085737
Feldballe,462,10.5861533,56.285821
Knebel,665,10.4864395,56.2139417
Grønfeld,214,10.5534518,56.2530424
Tved,222,10.4350054,56.1962
Rodskov,481,10.3649084,56.299821
Thorsager,1387,10.4560742,56.3457785
Hornslet,6420,10.3159583,56.3137043
Lime,387,10.2480043,56.3872733
Følle Strand,218,10.4274899,56.2977471
Egsmark,221,10.6536054,56.229087
Auning,3330,10.3781855,56.4314503
Fjellerup,384,10.5625462,55.2361139
Gjesing,298,8.4573095,55.5096696
Vivild,764,10.4467604,56.4820941
Bønnerup Strand,656,10.7123751,56.5271644
Ramten,221,10.631968,56.4378675
Stenvad,260,10.6357932,56.4616752
Grenaa,14127,10.8793137,56.4134419
Ålsrode,202,10.8636439,56.3473407
Ørsted,1333,10.3363752,56.5007806
Allingåbro,1813,10.336854,56.4643421
Trustrup,776,10.7715962,56.3507254
Lyngby,300,12.5051413,55.7718649
Gjerrild,412,10.835073,56.4998035
Øster Alling,288,10.316904,56.4112449
Glesborg,607,10.7254803,56.4775074
Hinnerup,8529,10.0688688,56.2678199
Lading,897,9.9786477,56.2212792
Grundfør,402,10.0997842,56.268599
Søften,3129,10.0872653,56.2352921
Nørre Galten,208,10.0503981,56.3490113
Skjød,239,9.9291299,56.2997124
Selling,646,10.0974745,56.3093727
Ødum,336,10.1337841,56.3118609
Folby,1193,10.0262424,56.2513888
Vissing,213,10.0121579,56.3643094
Hadsten,8560,10.0523863,56.3290887
Hadbjerg,725,10.1050615,56.3314452
Aidt,261,9.7892233,56.3155195
Hvorslev,212,9.7675235,56.3664826
Ulstrup,1887,11.2554858,55.5398998
Houlbjerg,207,9.8730183,56.3448019
Hammel,7234,9.8610556,56.2526132
Sall,208,9.8273601,56.2787561
Voldby,451,9.885264,56.2357887
Thorsø,1747,9.7887862,56.3012653
Laurbjerg,941,9.9167436,56.357246
Vitten,219,9.9982238,56.2915553
Voldum,926,10.1657461,56.3653259
Hov,1723,10.251121,55.9190733
Odder,13522,10.1513202,55.975832
Hundslund,542,10.0527531,55.9153605
Ørting,660,10.1495433,55.9267828
Torrild,218,10.0509884,55.9800874
Gylling,647,10.1692307,55.8904152
Saksild,905,10.2317262,55.9764457
Bovlstrup,293,10.2173334,55.9418161
Neder Randlev,205,10.1883173,55.9560716
Haslund,789,10.0256278,56.4189698
Albæk,251,10.1626792,56.4838583
Uggelhuse,428,10.2226901,56.4672528
Råsted,310,9.9495792,56.513415
Gimming,235,10.0981188,56.4936154
Harridslev,1254,10.1294522,56.4980425
Mejlby,616,10.2143428,56.3006105
Havndal,796,10.1970076,56.6522516
Værum,300,9.9898575,56.4061206
Assentoft,3956,10.1519573,56.4435178
Mellerup,509,10.2088098,56.5215723
Øster Tørslev,878,10.1864581,56.5788383
Gjerlev,637,10.1323032,56.5865836
Asferg,663,9.9307608,56.5466328
Spentrup,2342,10.0346886,56.5359106
Randers,64511,10.0371476,56.4617545
Stevnstrup,2696,9.9442095,56.4349087
Gassum,395,9.9975763,56.5752145
Langå,2925,9.8936301,56.390979
Fårup,1037,9.8487711,56.5445686
Øster Bjerregrav,1024,9.907034,56.4837791
Ålum,271,9.8313387,56.4530623
Dalbyover,234,10.2003229,56.6198172
Tånum,210,9.9227759,56.4610056
Munkdrup,354,10.0795986,56.4170676
Voel,1965,9.693675,56.1881828
Bryrup,1624,9.5231724,56.0231999
Linå,558,9.68889,56.1535517
Laven,373,9.717769,56.1252056
Sorring,1165,9.7756433,56.1774826
Salten,727,9.5686653,56.0836884
Them,2448,9.5465183,56.0901518
Sinding,334,8.8524504,56.2143633
Gjessø,840,9.4951896,56.1153362
Virklund,3923,9.5539151,56.1301234
Silkeborg,52571,9.5495141,56.169453
Demstrup,269,9.4229865,56.3354301
Neder Hvam,289,9.3377533,56.3268889
Sjørslev,366,9.4420966,56.3278004
Lemming,279,9.5458156,56.2396476
Nørre Knudstrup,217,9.314763,56.2742355
Vinderslev,452,9.4293691,56.2550463
Ans,1906,9.5895088,56.307027
Fårvang,1391,9.7267735,56.2681439
Gjern,1529,9.7393316,56.2264181
Grauballe,987,9.628787,56.2244319
Sejling,555,9.5195246,56.2174497
Kjellerup,5247,9.4400132,56.2834926
Thorning,1006,9.3307472,56.2851309
Skægkær,436,9.5018971,56.2119087
Øster Bording,218,9.4869679,56.1918789
Funder Kirkeby,610,9.4428992,56.1533605
Kragelund,766,9.4094628,56.1952345
Sejs-Svejbæk,4677,9.6176549,56.1360085
Onsbjerg,240,10.5724692,55.8497267
Sjelle,319,9.9319682,56.1848717
Hylke,425,9.9355459,55.9915767
Gammel Rye,1564,9.6977741,56.0722964
Galten,9363,9.9098817,56.154066
Låsby,2086,9.809458,56.1526374
Ry,7536,9.7718753,56.0883559
Voerladegård,597,9.7337258,56.0246414
Skjørring,276,9.8877121,56.1807679
Hørning,8542,10.0356047,56.0859191
Skanderborg,20360,9.9317878,56.0351868
Hårby,263,9.9051895,56.0852942
Alken,309,9.8455793,56.0519694
Fruering,427,9.9849415,56.0345245
Blegind,238,10.0696418,56.0672242
Mesing,207,9.9409242,56.072297
Tebstrup,665,9.8771973,55.9725772
Virring,1175,10.0352919,56.0298758
Herskind,893,9.965903,56.1829328
Stjær,1057,9.9540853,56.1186427
Storring,274,9.9391034,56.1347678
Mundelstrup,423,10.0618124,56.1984041
Sabro,3492,10.0341514,56.2121365
Mårslet,5174,10.1624575,56.0671183
Hjortshøj,3586,10.2682671,56.2478414
Lystrup,10153,10.238378,56.2363205
Løgten,8607,10.3187287,56.2769294
Studstrup,808,10.338558,56.2580805
Solbjerg,4845,10.0904237,56.0397896
Aarhus,301049,10.2134046,56.1496278
Borum,314,10.0122294,56.1877607
Spørring,1207,10.1479982,56.2988953
Trige,3459,10.1453751,56.254145
Ormslev,381,10.0617005,56.124591
Elev,1967,10.197571,56.2401986
Hårup,987,10.216223,56.2862796
Lisbjerg,1930,10.1682303,56.2214484
Harlev,4005,9.996093,56.1466687
Beder-Malling,9430,10.2017147,56.0494063
Uhre,260,9.0513204,55.9310917
Isenvad,702,9.2025483,56.0990362
Engesvang,2190,9.3511945,56.1703216
Pårup,239,12.3013937,56.1007761
Gludsted,319,9.3120706,56.0334078
Ikast,16808,9.1547931,56.1390178
Bording,2439,9.2753054,56.1465072
Hampen,333,9.3550209,56.0180516
Klovborg,516,9.4905654,55.9319642
Ejstrupholm,1710,9.2930027,55.9843819
Brande,7394,9.1282868,55.9445468
Nørre Snede,1912,9.3931535,55.9654168
Blåhøj,367,9.0308368,55.8743117
Skjern,7737,8.4909186,55.9469339
Lønborg,242,8.4448995,55.9031929
Hvide Sande,2780,8.1288435,56.0057884
Hemmet,291,8.3724097,55.8496544
Fjelstervang,418,8.8181386,56.0723199
Grønbjerg,356,8.5356796,56.1773453
Spjald,1342,8.5069209,56.1276147
Lyne,247,8.4907466,55.802221
Tarm,4122,8.5192054,55.9065375
Højmark,277,8.3999753,56.0547437
Lem,1358,8.3852184,56.0275264
Ringkøbing,9830,8.2540637,56.0905708
Videbæk,4351,8.6295216,56.0893891
Herborg,273,8.6002672,56.0666215
Rækker Mølle,334,8.5376203,56.0211447
Velling,251,8.3125538,56.0522585
Borris,858,8.6480249,55.9589744
Troldhede,654,8.7416839,55.9936889
Hee,500,8.2879232,56.1437777
Tim,834,8.3033203,56.1965544
Kloster,599,8.1757164,56.1257251
No,239,8.3179241,56.1121326
Ådum,239,8.5934034,55.8743087
Stauning,334,8.3722636,55.9622311
Ølstrup,290,8.4214389,56.111556
Vorgod-Barde,1023,8.7031567,56.0924084
Lindved,1444,9.5782864,55.7920415
Øster Snede,1208,9.6473871,55.796226
Hedensted,13458,9.6994255,55.7705233
Daugård,1121,9.7095269,55.7356553
Barrit,763,9.8969878,55.7090592
Glud,686,9.9997934,55.8085043
Snaptun,477,10.0485566,55.8209229
Juelsminde,3975,10.0104758,55.7086794
Tørring,2930,9.483801,55.8499627
Hornsyld,1646,9.8563818,55.7568412
Bjerre,475,9.8543088,55.7860611
Stouby,863,9.7900425,55.7030191
Rårup,451,9.9297471,55.772877
Bråskov,203,9.8280563,55.7615097
Rask Mølle,1149,9.6109557,55.8720064
Uldum,1364,9.5867407,55.8476686
Ølholm,940,9.5281464,55.8367448
Hornborg,222,9.6649573,55.8533938
Åle,616,9.5618447,55.8868233
Korning,418,9.7034705,55.8528481
Erslev,383,8.7509076,56.830027
Øster Jølby,700,8.7179794,56.8345595
Karby,215,8.560767,56.7538548
Frøslev,248,8.7330983,56.8028447
Vils,452,8.7291569,56.7628666
Redsted,202,8.6528944,56.7394114
Sejerslev,327,8.8652645,56.9250049
Tødsø,248,8.8086871,56.8275733
Vodstrup,225,8.823862,56.813138
Lødderup,232,8.7962133,56.7747038
Jebjerg,1069,9.0152295,56.6721323
Højslev,213,9.1361846,56.5857922
Skive,20090,8.9327322,56.6459244
Nederby,534,9.024611,56.816548
Selde,222,9.0477373,56.7805532
Breum,808,9.0701035,56.6871677
Hald,409,10.1105086,56.5564199
Højslev Stationsby,2815,9.1105335,56.5516562
Balling,1154,8.8821834,56.6157838
Roslev,1306,8.9841309,56.7040127
Oddense,582,8.9337614,56.65047
Lihme,256,8.7309305,56.6002853
Ramsing,327,8.8408389,56.5955191
Hem,583,8.9587576,56.5951002
Rønbjerg,315,8.9360333,56.5349617
Durup,868,8.9484097,56.744497
Glyngøre,1371,8.8739004,56.759744
Vesløs,302,8.9716144,57.036484
Østerild,510,8.8488575,57.0304231
Ræhr,478,8.6653912,57.0934001
Frøstrup,594,8.9960835,57.0868956
Hørdum,211,8.488141,56.8489522
Hanstholm,2050,8.6144947,57.1150165
Hundborg,420,8.5085893,56.9270716
Snedsted,1109,8.5231571,56.8917656
Koldby,719,8.5239231,56.8460899
Vestervig,561,8.318305,56.7623851
Hurup,2657,8.4181635,56.7506962
Bedsted,698,9.1043892,55.0611695
Agger,356,8.2414749,56.7823936
Klitmøller,1277,8.4985063,57.0401536
Ydby,246,8.4053242,56.7106598
Nors,1110,8.6781424,57.0203913
Hillerslev,561,8.7302899,57.011814
Sennels,969,8.7948504,56.9649687
Vilsund Vest,390,8.6266813,56.8804983
Nørre Vorupør,591,8.3754337,56.9533533
Sjørring,724,8.5924754,56.9517882
Thisted,13505,8.6848749,56.9562093
Karup,2176,9.1706768,56.3111225
Skelhøje,490,9.2966866,56.3604125
Rindsholm,259,9.4354266,56.4002008
Ulbjerg,454,9.3480141,56.6278293
Frederiks,1803,9.2560458,56.3411629
Kølvrå,713,9.1483455,56.292686
Bjerringbro,7433,9.656576,56.3758414
Mønsted,727,9.1881198,56.445301
Tapdrup,582,9.4835132,56.4404694
Vejrumbro,405,9.5557183,56.441703
Ørum,1493,9.626306,56.4804333
Bjerregrav,438,9.4991288,56.5799115
Møldrup,1280,9.5011335,56.614641
Klejtrup,883,9.6337994,56.5902663
Løvel,841,9.4700325,56.5328173
Vammen,547,9.5733082,56.5302997
Sahl,305,9.639621,56.3374112
Mammen,281,9.6126754,56.4113145
Rødkærsbro,1737,9.5101207,56.3514755
Tange,309,9.5870582,56.3529704
Fly,276,9.0105926,56.4949821
Stoholm,2534,9.1458359,56.4851312
Kjeldbjerg,265,9.0537216,56.473623
Sjørup,270,9.0833181,56.4277179
Vridsted,585,9.0064555,56.4421137
Hammershøj,935,9.7503501,56.5016333
Sparkær,611,9.2282259,56.4772412
Skals,1730,9.4048077,56.5566335
Løgstrup,1924,9.3370029,56.5119795
Ravnstrup,427,9.2865747,56.4480484
Birgittelyst,612,9.3810101,56.398744
Hvam Stationsby,277,9.513098,56.6623827
Viborg,43645,9.4059354,56.4469128
Sønder Rind,301,9.4671841,56.3932132
Brønderslev,12946,9.9448631,57.2700129
Øster Brønderslev,972,9.9957883,57.2483799
Hallund,275,10.1006324,57.2410008
Jerslev,859,10.0932326,57.2847448
Asaa,1089,10.4034857,57.1494732
Hjallerup,4509,10.1465801,57.1665803
Klokkerholm,890,10.1549291,57.2109407
Agersted,535,10.3801201,57.1984657
Tise,247,9.80541,57.296116
Stenum,230,9.8645867,57.3209311
Dronninglund,3688,10.2900877,57.158303
Serritslev,489,9.9749588,57.3141853
Flauenskjold,661,10.2877533,57.2493771
Præstbro,204,10.387584,57.2341451
Haldbjerg,225,10.5023084,57.3937019
Voerså,493,10.4878871,57.2088452
Skagen,7394,10.5844602,57.7259703
Jerup,520,10.4205098,57.533332
Elling,1095,10.4797629,57.4756655
Frederikshavn,22548,10.5336225,57.4412134
Østervrå,1270,10.2398353,57.341266
Ravnshøj,534,10.4260254,57.4515622
Kvissel,347,10.4112523,57.4709813
Thorshøj,261,10.307485,57.3366413
Ålbæk,1419,10.4115924,57.5925422
Sæby,8991,10.5198811,57.3312762
Hørby,382,9.746401,56.6515633
Syvsten,251,10.4334816,57.3091923
Lyngså,212,10.5153946,57.2451451
Strandby,2543,10.4978821,57.4926713
Kilden,893,9.9144117,57.0421761
Gærum,607,10.4350438,57.40153
Dybvad,603,10.3611597,57.2744567
Gedsted,874,9.3334277,56.6892939
Aggersund,247,9.2799491,57.0043224
Løgstør,3969,9.2619587,56.9625246
Vegger,305,9.5716452,56.8848376
Vindblæs,212,9.3486331,56.9278273
Ranum,950,9.2296384,56.8967933
Vilsted,205,9.2862321,56.9040322
Overlade,396,9.2641123,56.8584302
Hvalpsund,621,9.2070497,56.7013574
Farsø,3352,9.3399599,56.7722256
Havbro,377,9.4184846,56.7999966
Vognsild,228,9.4206489,56.7568701
Ullits,263,9.2882914,56.7263717
Hornum,926,9.4247246,56.8400178
Vester Hornum,480,9.3593621,56.8335187
Simested,231,9.5558417,56.696701
Aalestrup,2763,9.4930029,56.6952989
Aars,8708,9.5168986,56.8033777
Blenstrup,483,10.0113103,56.8794941
Bælum,701,10.1166943,56.8307655
Haverslev,797,9.6822481,56.7875535
Ravnkilde,331,9.7528971,56.7555406
Rørbæk,383,9.7130466,56.7044248
Støvring,9584,9.833064,56.8847204
Suldrup,1376,9.7006273,56.8483838
Rebild,628,9.8494984,56.8313377
Skørping,3056,9.8913283,56.8383525
Øster Hornum,1059,9.7510364,56.9355505
Nørager,1175,9.630736,56.7065701
Aarestrup,208,9.7467337,56.819752
Terndrup,1637,10.0598073,56.8131718
Guldbæk Syd,200,9.8003983,56.9335364
Rostrup,283,9.9319858,56.7309381
Hadsund,4918,10.1151108,56.7193519
Hadsund Syd,438,10.1204587,56.7069598
Veddum,336,10.1757857,56.775081
Øster Hurup,636,10.272655,56.804001
Als,892,9.9240087,54.9716369
Visborg,415,10.1489138,56.7371335
Hobro,12360,9.7939799,56.6371753
Vebbestrup,367,9.820242,56.7253591
Arden,2620,9.8568821,56.7678869
Rold,223,9.814592,56.7731138
Øster Doense,214,9.8397826,56.7092743
Døstrup,313,9.747566,56.6883203
Hvornum,303,9.661288,56.5974869
Valsgård,1124,9.8524403,56.6727233
Hvilsom,243,9.6119021,56.659037
Oue,313,9.9768613,56.6937661
Skelund,396,10.1920402,56.7597337
Sønder Onsild,474,9.7599658,56.5866127
Sønder Onsild Stationsby,264,9.7461256,56.5777113
Handest,231,9.8210822,56.57023
Mariager,2650,9.976727,56.6488769
Norup,242,10.1145898,56.676199
Blokhus,473,9.5842346,57.2523474
Hune,747,9.6189688,57.2478319
Biersted,1629,9.8048768,57.1519913
Nørhalne,1527,9.8761497,57.1515759
Kås,2328,9.651103,57.1935991
Pandrup,2842,9.6790105,57.2094268
Fjerritslev,3306,9.2731047,57.088801
Ingstrup,344,9.7104764,57.3135217
Gjøl,910,9.7163781,57.06828
Halvrimmen,630,9.5867446,57.1107693
Birkelse,619,9.6835772,57.1489245
Tranum,451,9.464078,57.1319337
Aabybro,6721,9.7339628,57.1606394
Vester Torup,220,9.125009,57.1034858
Klim,400,9.1655997,57.0963678
Arentsminde,408,9.6259299,57.1229996
Skovsgård,777,9.4848004,57.0868289
Østerby,325,9.5995831,57.0604418
Saltum,698,9.6984206,57.2711553
Brovst,2684,9.5228664,57.0973209
Vester Hjermitslev,353,9.7580391,57.2863037
Ny Skovsgård,239,9.4866407,57.0958029
Nørre Kongerslev,252,10.1265676,56.9053488
Fjellerad,392,10.0215046,56.9245894
Mou,1023,10.2221553,56.9676427
Hals,2437,10.3084669,56.9963038
Sulsted,1504,9.9525511,57.1669315
Storvorde,3465,10.0996971,57.0034949
Vaarst,354,10.0556716,56.9364661
Vodskov,4810,10.0228291,57.1095604
Vester Hassing,2602,10.1253165,57.0682098
Stae,371,10.0832408,57.0821088
Kongerslev,1288,10.1146692,56.8861935
Gistrup,3686,9.9885675,56.9934443
Klarup,5603,10.0500412,57.0113058
Nøvling,380,9.9590178,56.9735065
Gudumholm,729,10.102146,56.9670618
Vestbjerg,3039,9.9666992,57.1305808
Uggerhalne,286,10.0659854,57.1332369
Hou,611,10.366756,57.0573849
Farstrup,447,9.4614977,56.9833054
Sebbersund,348,9.5662861,56.9621078
Valsted,230,9.563492,56.9770919
Nibe,5616,9.6428712,56.9823812
Vadum,2530,9.8589601,57.1155958
Sønderholm,879,9.7350132,57.0039681
Dall Villaby,1108,9.8863327,56.9909307
Frejlev,3237,11.7653804,54.7027233
Svenstrup,10717,9.8525837,56.9773211
Ferslev,947,9.8966217,56.9529671
Ellidshøj,493,9.8696332,56.9307207
Bislev,202,9.6102782,56.9457301
Aalborg,121878,9.9215263,57.0462626
Langholt,1069,10.0867874,57.1044503
Nørholm,257,9.7362974,57.0376213
Tylstrup,1220,9.951413,57.195294
Gandrup,1559,10.177441,57.0566331
Ulsted,992,10.2569014,57.076012
Nørresundby,24436,9.9241319,57.0607251
Skellet,230,10.2090689,56.9798704
Klitgård,222,9.6873632,57.0262188
Tornby,985,9.9447512,57.529776
Lønstrup,545,9.7980104,57.468435
Bjergby,881,10.0268723,57.5134646
Sindal,3071,10.1994273,57.4755132
Løkken,1669,9.7112502,57.3704858
Vrensted,282,9.7747895,57.3379735
Poulstrup,437,10.0155194,57.351624
Vrå,2681,9.9452931,57.3532646
Hjørring,25908,9.9855998,57.457183
Harken,379,9.9848443,57.3934492
Hundelev,227,9.8399806,57.4269299
Mosbjerg,224,10.2789354,57.502987
Bindslev,943,10.1977563,57.541075
Tversted,522,10.1896211,57.5861839
Åbyen,489,10.0282098,57.5624051
Lendum,487,10.2969452,57.4095287
Hirtshals,5347,9.9649737,57.5908031
Lørslev,282,10.0853339,57.4276017
Tårs,1839,11.0271943,54.8831014
Rakkeby,210,9.9290979,57.4049129
